dBZ / RGBA,Black and White,Original,Universal Blue,Titan,The Weather Channel (TWC),Meteored,NEXRAD Level III,Rainbow @ Selex SI,Dark Sky,Datameteo Valerio,Viper HD,MRMS CREF,33/40 Max Storm,MetService NZ (Dark),Windy
-32,#00000000,#00000000,#00000000,#00000000,#00000000,#00000000,#00000000,#00000000,#00000000,#00000000,#00000000,#00000000,#00000000,#00000000,#00000000
-31,#010101ff,#00000000,#00000000,#00000000,#00000000,#00000000,#00000000,#00000000,#00000000,#00000000,#00000000,#00000000,#00000000,#00000000,#00000000
-30,#020202ff,#00000000,#00000000,#00000000,#00000000,#00000000,#00000000,#00000000,#00000000,#00000000,#00000000,#dfffffff,#00000000,#00000000,#00000000
-29,#030303ff,#00000000,#00000000,#00000000,#00000000,#00000000,#00000000,#00000000,#00000000,#00000000,#00000000,#dfffffff,#00000000,#00000000,#00000000
-28,#040404ff,#00000000,#00000000,#00000000,#00000000,#00000000,#00000000,#00000000,#00000000,#00000000,#00000000,#dfffffff,#00000000,#00000000,#00000000
-27,#050505ff,#00000000,#00000000,#00000000,#00000000,#00000000,#00000000,#00000000,#00000000,#00000000,#00000000,#dfffffff,#00000000,#00000000,#00000000
-26,#060606ff,#00000000,#00000000,#00000000,#00000000,#00000000,#00000000,#00000000,#00000000,#00000000,#00000000,#dfffffff,#00000000,#00000000,#00000000
-25,#070707ff,#00000000,#00000000,#00000000,#00000000,#00000000,#00000000,#00000000,#00000000,#00000000,#00000000,#d7d2e8ff,#00000000,#00000000,#00000000
-24,#080808ff,#00000000,#00000000,#00000000,#00000000,#00000000,#00000000,#00000000,#00000000,#00000000,#00000000,#d7d2e8ff,#00000000,#00000000,#00000000
-23,#090909ff,#00000000,#00000000,#00000000,#00000000,#00000000,#00000000,#00000000,#00000000,#00000000,#00000000,#d7d2e8ff,#00000000,#00000000,#00000000
-22,#0a0a0aff,#00000000,#00000000,#00000000,#00000000,#00000000,#00000000,#00000000,#00000000,#00000000,#00000000,#d7d2e8ff,#00000000,#00000000,#00000000
-21,#0b0b0bff,#00000000,#00000000,#00000000,#00000000,#00000000,#00000000,#00000000,#00000000,#00000000,#00000000,#d7d2e8ff,#00000000,#00000000,#00000000
-20,#0c0c0cff,#00000000,#00000000,#00000000,#00000000,#00000000,#00000000,#00000000,#00000000,#00000000,#00000000,#ceafd3ff,#00000000,#00000000,#00000000
-19,#0d0d0dff,#00000000,#00000000,#00000000,#00000000,#00000000,#00000000,#00000000,#00000000,#00000000,#00000000,#ceafd3ff,#00000000,#00000000,#00000000
-18,#0e0e0eff,#00000000,#00000000,#00000000,#00000000,#00000000,#00000000,#00000000,#00000000,#00000000,#00000000,#ceafd3ff,#00000000,#00000000,#00000000
-17,#0f0f0fff,#00000000,#00000000,#00000000,#00000000,#00000000,#00000000,#00000000,#00000000,#00000000,#00000000,#ceafd3ff,#00000000,#00000000,#00000000
-16,#101010ff,#00000000,#00000000,#00000000,#00000000,#00000000,#00000000,#00000000,#00000000,#00000000,#00000000,#ceafd3ff,#00000000,#00000000,#00000000
-15,#111111ff,#00000000,#00000000,#00000000,#00000000,#00000000,#00000000,#00000000,#00000000,#00000000,#00000000,#a17fa6ff,#00000000,#00000000,#00000000
-14,#121212ff,#00000000,#00000000,#00000000,#00000000,#00000000,#00000000,#00000000,#00000000,#00000000,#00000000,#a17fa6ff,#00000000,#00000000,#00000000
-13,#131313ff,#00000000,#00000000,#00000000,#00000000,#00000000,#00000000,#00000000,#00000000,#00000000,#00000000,#a17fa6ff,#00000000,#00000000,#00000000
-12,#141414ff,#00000000,#00000000,#00000000,#00000000,#00000000,#00000000,#00000000,#00000000,#00000000,#00000000,#a17fa6ff,#00000000,#00000000,#00000000
-11,#151515ff,#00000000,#00000000,#00000000,#00000000,#00000000,#00000000,#00000000,#00000000,#00000000,#00000000,#a17fa6ff,#00000000,#00000000,#00000000
-10,#161616ff,#00000000,#63615911,#353535ff,#00000000,#00000000,#00000000,#00000000,#00000000,#00000000,#00000000,#714a76ff,#00000000,#00000000,#00000000
-9,#171717ff,#00000000,#6361591b,#353535ff,#00000000,#00000000,#00000000,#00000000,#00000000,#00000000,#00000000,#714a76ff,#00000000,#00000000,#00000000
-8,#181818ff,#00000000,#63615925,#353535ff,#00000000,#00000000,#00000000,#00000000,#00000000,#00000000,#00000000,#714a76ff,#00000000,#00000000,#00000000
-7,#191919ff,#00000000,#6361592f,#353535ff,#00000000,#00000000,#00000000,#00000000,#00000000,#00000000,#00000000,#714a76ff,#00000000,#00000000,#00000000
-6,#1a1a1aff,#00000000,#63615939,#353535ff,#00000000,#00000000,#00000000,#00000000,#00000000,#00000000,#00000000,#714a76ff,#00000000,#00000000,#00000000
-5,#1b1b1bff,#00000000,#79746044,#757575ff,#00000000,#00000000,#00000000,#00000000,#00000000,#00000000,#00000000,#d6d3afff,#00000000,#00000000,#00000000
-4,#1c1c1cff,#00000000,#79746051,#757575ff,#00000000,#00000000,#00000000,#00000000,#00000000,#00000000,#00000000,#d6d3afff,#00000000,#00000000,#00000000
-3,#1d1d1dff,#00000000,#7974605f,#757575ff,#00000000,#00000000,#00000000,#00000000,#00000000,#00000000,#00000000,#d6d3afff,#00000000,#00000000,#00000000
-2,#1e1e1eff,#00000000,#7974606c,#757575ff,#00000000,#00000000,#00000000,#00000000,#00000000,#00000000,#00000000,#d6d3afff,#00000000,#00000000,#00000000
-1,#1f1f1fff,#00000000,#7974607a,#757575ff,#00000000,#00000000,#00000000,#00000000,#00000000,#00000000,#00000000,#d6d3afff,#00000000,#00000000,#00000000
0,#202020ff,#00000000,#92887188,#005a00ff,#00000000,#00000000,#04e9e7ff,#00000000,#005eb611,#00000000,#01f3f7ff,#a9a77fff,#00000000,#00000000,#828282ff
1,#212121ff,#00000000,#92887195,#005a00ff,#00000000,#00000000,#04e9e7ff,#00000000,#005eb614,#00000000,#05dbe7ff,#a9a77fff,#00000000,#00000000,#7f7f82ff
2,#222222ff,#00000000,#928871a3,#005a00ff,#00000000,#00000000,#04e9e7ff,#00000000,#005eb617,#00000000,#09c3d7ff,#a9a77fff,#00000000,#00000000,#7d7c83ff
3,#232323ff,#00000000,#928871b0,#005a00ff,#00000000,#00000000,#04e9e7ff,#00000000,#005eb61b,#00000000,#0dabc7ff,#a9a77fff,#00000000,#00000000,#7b7984ff
4,#242424ff,#00000000,#928871be,#005a00ff,#00000000,#00000000,#04e9e7ff,#00000000,#005eb61e,#00000000,#1193b7ff,#a9a77fff,#00000000,#00000000,#757185ff
5,#252525ff,#00000000,#cec087cc,#007e00ff,#00000000,#00000000,#00efe7ff,#00000000,#005eb622,#00000000,#157ba7ff,#777777ff,#00000000,#00000000,#6f6a87ff
6,#262626ff,#00000000,#cec087d6,#007e00ff,#00000000,#00000000,#00efe7ff,#00000000,#005eb625,#00000000,#1572a3ff,#777777ff,#00000000,#00000000,#696389ff
7,#272727ff,#00000000,#cec087e0,#007e00ff,#00000000,#00000000,#00efe7ff,#00000000,#005eb628,#00000000,#1378adff,#777777ff,#00000000,#00000000,#635c8bff
8,#282828ff,#00000000,#cec087ea,#007e00ff,#00000000,#00000000,#00efe7ff,#00000000,#005eb62c,#00000000,#117eb6ff,#777777ff,#00000000,#00000000,#5e558dff
9,#292929ff,#00000000,#cec087f4,#007e00ff,#00000000,#00000000,#00efe7ff,#00000000,#005eb62f,#00000000,#0f84c0ff,#777777ff,#00000000,#00000000,#54598eff
10,#2a2a2aff,#dfdfdfff,#88ddeeff,#087fdbff,#01b714ff,#3ffefcff,#009cf7ff,#009f9fff,#005eb633,#23ded8ff,#0c89c9ff,#3aeeecff,#45b742ff,#78a0283f,#4b5d8fff
11,#2b2b2bff,#dfdfdfff,#88ddeeff,#087fdbff,#01b614ff,#3ffefcff,#009cf7ff,#009e9eff,#005eb639,#23ded8ff,#0a8fd3ff,#3aeeecff,#45b742ff,#78a02849,#426190ff
12,#2c2c2cff,#dfdfdfff,#88ddeeff,#087fdbff,#01b414ff,#3ffefcff,#009cf7ff,#009d99ff,#005eb640,#23ded8ff,#0895dcff,#3aeeecff,#45b742ff,#b4c81e52,#386591ff
13,#2d2d2dff,#dfdfdfff,#88ddeeff,#087fdbff,#02ad14ff,#3ffefcff,#009cf7ff,#009a8cff,#005eb647,#23ded8ff,#069be6ff,#3aeeecff,#45b742ff,#b4c81e5c,#2f6992ff
14,#2e2e2eff,#dfdfdfff,#88ddeeff,#087fdbff,#049f14ff,#3ffefcff,#009cf7ff,#009573ff,#005eb64e,#23ded8ff,#15bfb4ff,#3aeeecff,#45b742ff,#f0e60066,#266d93ff
15,#2f2f2fff,#9bea8fff,#0099ccff,#1c47e8ff,#088915ff,#1790f9ff,#0000f7ff,#008c4bff,#005eb655,#1cb5b0ff,#24dd79ff,#1ea3f3ff,#389b3eff,#f0e6006f,#227292ff
16,#303030ff,#9bea8fff,#0099ccff,#1c47e8ff,#088815ff,#1790f9ff,#0000f7ff,#008c4aff,#005eb662,#1cb5b0ff,#22d673ff,#1ea3f3ff,#389b3eff,#ffbe0079,#1f7892ff
17,#313131ff,#9bea8fff,#0099ccff,#1c47e8ff,#088615ff,#1790f9ff,#0000f7ff,#009047ff,#005eb670,#1cb5b0ff,#20cf6cff,#1ea3f3ff,#389b3eff,#ffbe0082,#1c7d91ff
18,#323232ff,#9bea8fff,#0099ccff,#1c47e8ff,#098116ff,#1790f9ff,#0000f7ff,#009b40ff,#005eb67d,#1cb5b0ff,#1ec866ff,#1ea3f3ff,#389b3eff,#ff82148c,#188391ff
19,#333333ff,#9bea8fff,#0099ccff,#1c47e8ff,#0c7617ff,#1790f9ff,#0000f7ff,#00b031ff,#005eb68b,#1cb5b0ff,#1cc260ff,#1ea3f3ff,#389b3eff,#1e46be95,#158890ff
20,#343434ff,#58ff42ff,#0077aaff,#6e0dc6ff,#11651aff,#0000f3ff,#00ff00ff,#00d319ff,#005eb699,#5b42b3ff,#1abb5aff,#0021f2ff,#1f6f24ff,#1e46be9f,#128e90ff
21,#353535ff,#58ff42ff,#0077aaff,#6e0dc6ff,#106419ff,#0000f3ff,#00ff00ff,#00d319ff,#075cb4a6,#5b42b3ff,#18b454ff,#0021f2ff,#1f6f24ff,#1e46bea8,#10938cff
22,#363636ff,#58ff42ff,#0077aaff,#6e0dc6ff,#106218ff,#0000f3ff,#00ff00ff,#02d519ff,#0e5bb3b4,#5b42b3ff,#17ae4dff,#0021f2ff,#1f6f24ff,#1e46beb2,#0e9989ff
23,#373737ff,#58ff42ff,#0077aaff,#6e0dc6ff,#0e5d15ff,#0000f3ff,#00ff00ff,#07dc1aff,#155ab1c1,#5b42b3ff,#15a747ff,#0021f2ff,#1f6f24ff,#2878f0bc,#0c9f86ff
24,#383838ff,#58ff42ff,#0077aaff,#6e0dc6ff,#0b5310ff,#0000f3ff,#00ff00ff,#10e81dff,#1c59b0cf,#5b42b3ff,#13a041ff,#0021f2ff,#1f6f24ff,#2878f0c5,#0aa483ff
25,#393939ff,#47c278ff,#005588ff,#c80f86ff,#064307ff,#41ff50ff,#03b703ff,#21fd22ff,#2458afdd,#402f7dff,#119a3bff,#45ff39ff,#0f560cff,#2878f0cf,#08aa80ff
26,#3a3a3aff,#47c278ff,#005588ff,#c80f86ff,#074407ff,#41ff50ff,#03b703ff,#22fd21ff,#3955abe3,#402f7dff,#0f9335ff,#45ff39ff,#0f560cff,#2878f0d8,#07b07dff
27,#3b3b3bff,#47c278ff,#005588ff,#c80f86ff,#154d07ff,#41ff50ff,#03b703ff,#2ffd21ff,#4e52a7ea,#402f7dff,#0e8c2eff,#45ff39ff,#0f560cff,#3cb4fae2,#19b577ff
28,#3c3c3cff,#47c278ff,#005588ff,#c80f86ff,#3b6707ff,#41ff50ff,#03b703ff,#50fd20ff,#6350a3f1,#402f7dff,#0c8528ff,#45ff39ff,#0f560cff,#3cb4faeb,#2bba71ff
29,#3d3d3dff,#47c278ff,#005588ff,#c80f86ff,#859a07ff,#41ff50ff,#03b703ff,#92fd1eff,#784d9ff8,#402f7dff,#0a7f22ff,#45ff39ff,#0f560cff,#3cb4faf5,#3ec06bff
30,#3e3e3eff,#4793f9ff,#ffee00ff,#c06487ff,#ffee07ff,#32c23dff,#087305ff,#fffd1bff,#8e4b9bff,#008080ff,#08781bff,#34c82bff,#013600ff,#3cb4faff,#50c565ff
31,#3f3f3fff,#4793f9ff,#ffee00ff,#c06487ff,#feed07ff,#32c23dff,#087305ff,#fffc1aff,#a44c92ff,#008080ff,#067115ff,#34c82bff,#013600ff,#14d2d2ff,#62ca5fff
32,#404040ff,#4793f9ff,#ffee00ff,#c06487ff,#feea07ff,#32c23dff,#087305ff,#fffa19ff,#ba4e89ff,#008080ff,#046b0fff,#34c82bff,#013600ff,#14d2d2ff,#75d059ff
33,#414141ff,#4793f9ff,#ffee00ff,#c06487ff,#fde207ff,#32c23dff,#087305ff,#fff415ff,#d04f81ff,#008080ff,#026409ff,#34c82bff,#013600ff,#14d2d2ff,#8ed34aff
34,#424242ff,#4793f9ff,#ffee00ff,#c06487ff,#fbd307ff,#32c23dff,#087305ff,#ffe80dff,#e65178ff,#008080ff,#80af13ff,#34c82bff,#013600ff,#14d2d2ff,#a8d63bff
35,#434343ff,#0c59ffff,#ffaa00ff,#d2883bff,#f8bb08ff,#4b8339ff,#ffff00ff,#ffd400ff,#fc5370ff,#00a000ff,#fff71cff,#23901cff,#fff802ff,#e6281eff,#c2d92cff
36,#444444ff,#0c59ffff,#ffaa00ff,#d2883bff,#f7ba08ff,#4b8339ff,#ffff00ff,#ffd300ff,#fc676fff,#00a000ff,#ffe712ff,#23901cff,#fff802ff,#e6281eff,#dcdc1eff
37,#454545ff,#0c59ffff,#ffaa00ff,#d2883bff,#f7b708ff,#4b8339ff,#ffff00ff,#ffd100ff,#fd7b6fff,#00a000ff,#ffd709ff,#23901cff,#fff802ff,#e6281eff,#e2d718ff
38,#464646ff,#0c59ffff,#ffaa00ff,#d2883bff,#f6b008ff,#4b8339ff,#ffff00ff,#ffcb00ff,#fd8f6eff,#00a000ff,#ffc700ff,#23901cff,#fff802ff,#e6281eff,#e8d313ff
39,#474747ff,#0c59ffff,#ffaa00ff,#d2883bff,#f5a208ff,#4b8339ff,#ffff00ff,#ffbf00ff,#fea36eff,#00a000ff,#ffb700ff,#23901cff,#fff802ff,#e6281eff,#eece0dff
40,#484848ff,#6153c1ff,#ff7700ff,#fac431ff,#f38b08ff,#ffff50ff,#ecce00ff,#ffab00ff,#ffb76eff,#00ff00ff,#ff9d00ff,#fffd39ff,#ff8a02ff,#ff500aff,#f4ca08ff
41,#494949ff,#6153c1ff,#ff7700ff,#fac431ff,#f28a08ff,#ffff50ff,#ecce00ff,#ffaa00ff,#ffc559ff,#00ff00ff,#ff7a00ff,#fffd39ff,#ff8a02ff,#ff500aff,#f4c10cff
42,#4a4a4aff,#6153c1ff,#ff7700ff,#fac431ff,#f28908ff,#ffff50ff,#ecce00ff,#ffa700ff,#ffd344ff,#00ff00ff,#ff5700ff,#fffd39ff,#ff8a02ff,#ff500aff,#f4b910ff
43,#4b4b4bff,#6153c1ff,#ff7700ff,#fac431ff,#f28508ff,#ffff50ff,#ecce00ff,#ff9d00ff,#ffe12eff,#00ff00ff,#ff3400ff,#fffd39ff,#ff8a02ff,#ff500aff,#f4b014ff
44,#4c4c4cff,#6153c1ff,#ff7700ff,#fac431ff,#f17d08ff,#ffff50ff,#ecce00ff,#ff8b00ff,#ffef19ff,#00ff00ff,#ff1100ff,#fffd39ff,#ff8a02ff,#ff500aff,#f5a818ff
45,#4d4d4dff,#ff93a3ff,#ff4400ff,#fefb02ff,#f07108ff,#fdbb3cff,#fe9300ff,#ff6e00ff,#fffd05ff,#ffff00ff,#f90000ff,#e6be28ff,#ff1d03ff,#aa32dcff,#f29e21ff
46,#4e4e4eff,#ff93a3ff,#ff4400ff,#fefb02ff,#ef7008ff,#fdbb3cff,#fe9300ff,#fe6d00ff,#fffd05ff,#ffff00ff,#ef0000ff,#e6be28ff,#ff1d03ff,#aa32dcff,#f0952bff
47,#4f4f4fff,#ff93a3ff,#ff4400ff,#fefb02ff,#ef6f08ff,#fdbb3cff,#fe9300ff,#fe6700ff,#fffd05ff,#ffff00ff,#e40000ff,#e6be28ff,#ff1d03ff,#aa32dcff,#ee8b35ff
48,#505050ff,#ff93a3ff,#ff4400ff,#fefb02ff,#ee6c08ff,#fdbb3cff,#fe9300ff,#fb5900ff,#fffd05ff,#ffff00ff,#d90000ff,#e6be28ff,#ff1d03ff,#f5f5ffff,#ec823fff
49,#515151ff,#ff93a3ff,#ff4400ff,#fefb02ff,#ec6708ff,#fdbb3cff,#fe9300ff,#f73d01ff,#fffd05ff,#ffff00ff,#cf0000ff,#e6be28ff,#ff1d03ff,#f5f5ffff,#e47442ff
50,#525252ff,#ff3f35ff,#ee0000ff,#fe9a58ff,#ea5e09ff,#df5e0bff,#ff0000ff,#f01002ff,#fffd05ff,#ff8100ff,#c30000ff,#fb8c1bff,#7c0303ff,#f5f5ffff,#dc6645ff
51,#535353ff,#ff3f35ff,#ee0000ff,#fe9a58ff,#e95d09ff,#df5e0bff,#ff0000ff,#ef0f02ff,#fffd05ff,#ff8100ff,#b90000ff,#fb8c1bff,#7c0303ff,#64eb46ff,#d45848ff
52,#545454ff,#ff3f35ff,#ee0000ff,#fe9a58ff,#e95b09ff,#df5e0bff,#ff0000ff,#ed0f04ff,#fffd05ff,#ff8100ff,#af0000ff,#fb8c1bff,#7c0303ff,#64eb46ff,#cd4b4bff
53,#555555ff,#ff3f35ff,#ee0000ff,#fe9a58ff,#e75509ff,#df5e0bff,#ff0000ff,#e90d09ff,#fffd05ff,#ff8100ff,#a50000ff,#fb8c1bff,#7c0303ff,#64eb46ff,#c74351ff
54,#565656ff,#ff3f35ff,#ee0000ff,#fe9a58ff,#e44a09ff,#df5e0bff,#ff0000ff,#df0a12ff,#fffd05ff,#ff8100ff,#9a0000ff,#fb8c1bff,#7c0303ff,#64eb46ff,#c13c57ff
55,#575757ff,#c20511ff,#990000ff,#fe5f05ff,#df370aff,#fd8788ff,#bd0000ff,#d00523ff,#fffd05ff,#ff0000ff,#ba09b9ff,#f90000ff,#a4049cff,#ff46dcff,#bb345dff
56,#585858ff,#c20511ff,#990000ff,#fe5f05ff,#de360aff,#fd8788ff,#bd0000ff,#d00424ff,#fffd05ff,#ff0000ff,#c61dc3ff,#f90000ff,#a4049cff,#ff46dcff,#b62d64ff
57,#595959ff,#c20511ff,#990000ff,#fe5f05ff,#de340aff,#fd8788ff,#bd0000ff,#d1042cff,#fffd05ff,#ff0000ff,#d231ceff,#f90000ff,#a4049cff,#ff46dcff,#af2566ff
58,#5a5a5aff,#c20511ff,#990000ff,#fe5f05ff,#dc2e0aff,#fd8788ff,#bd0000ff,#d40341ff,#fffd05ff,#ff0000ff,#df44d8ff,#f90000ff,#a4049cff,#ff46dcff,#a91e68ff
59,#5b5b5bff,#c20511ff,#990000ff,#fe5f05ff,#d8230bff,#fd8788ff,#bd0000ff,#da026bff,#fffd05ff,#ff0000ff,#eb58e3ff,#f90000ff,#a4049cff,#ff46dcff,#a2176aff
60,#5c5c5cff,#ffeb0aff,#ffaaffff,#fd341cff,#d3100cff,#e90000ff,#bd0000ff,#e400b1ff,#fffd05ff,#ad2a10ff,#f76cedff,#d70000ff,#ff5affff,#ff46dcff,#9c106dff
61,#5d5d5dff,#ffeb0aff,#ffaaffff,#fd341cff,#d20f0bff,#e90000ff,#bd0000ff,#e400b1ff,#fffd05ff,#ad2a10ff,#e86de8ff,#d70000ff,#ff5affff,#ff46dcff,#940c6cff
62,#5e5e5eff,#ffeb0aff,#ffaaffff,#fd341cff,#d10f0bff,#e90000ff,#bd0000ff,#e503b5ff,#fffd05ff,#ad2a10ff,#c05db8ff,#d70000ff,#ff5affff,#ff46dcff,#8c086cff
63,#5f5f5fff,#ffeb0aff,#ffaaffff,#fd341cff,#ce0f0bff,#e90000ff,#bd0000ff,#e90bc1ff,#fffd05ff,#ad2a10ff,#974d92ff,#d70000ff,#ff5affff,#ff46dcff,#84046cff
64,#606060ff,#ffeb0aff,#ffaaffff,#fd341cff,#c90e0aff,#e90000ff,#bd0000ff,#f11ad8ff,#fffd05ff,#ad2a10ff,#6f3d6bff,#d70000ff,#ff5affff,#ff46dcff,#7d006cff
65,#616161ff,#ff9811ff,#ff77ffff,#bebebeff,#c00d09ff,#a80000ff,#fe00feff,#ff33ffff,#fffd05ff,#ffc0b6ff,#462d44ff,#bc0000ff,#ff52ffff,#ff46dcff,#74006aff
66,#626262ff,#ff9811ff,#ff77ffff,#bebebeff,#bf0c08ff,#a80000ff,#fe00feff,#ff33ffff,#fffd05ff,#ffc0b6ff,#1d1e1dff,#bc0000ff,#ff52ffff,#ff46dcff,#6c0068ff
67,#636363ff,#ff9811ff,#ff77ffff,#bebebeff,#bf0c08ff,#a80000ff,#fe00feff,#ff36ffff,#fffd05ff,#ffc0b6ff,#252625ff,#bc0000ff,#ff52ffff,#ff46dcff,#640066ff
68,#646464ff,#ff9811ff,#ff77ffff,#bebebeff,#be0c08ff,#a80000ff,#fe00feff,#ff3effff,#fffd05ff,#ffc0b6ff,#2d2e2dff,#bc0000ff,#ff52ffff,#ff46dcff,#5c0064ff
69,#656565ff,#ff9811ff,#ff77ffff,#bebebeff,#bb0c08ff,#a80000ff,#fe00feff,#ff4dffff,#fffd05ff,#ffc0b6ff,#353635ff,#bc0000ff,#ff52ffff,#ff46dcff,#5b0063ff
70,#666666ff,#a84c06ff,#ff44ffff,#d3d3d3ff,#b80c08ff,#ef5beeff,#9c52c6ff,#ff66ffff,#fffd05ff,#ff7fffff,#3d3e3dff,#f800faff,#ff7affff,#ff46dcff,#5b0063ff
71,#676767ff,#a84c06ff,#ff44ffff,#d3d3d3ff,#b80c08ff,#ef5beeff,#9c52c6ff,#ff66ffff,#fffd05ff,#ff7fffff,#454645ff,#f800faff,#ff7affff,#ff46dcff,#5b0163ff
72,#686868ff,#a84c06ff,#ff44ffff,#d3d3d3ff,#b80c08ff,#ef5beeff,#9c52c6ff,#ff69ffff,#fffd05ff,#ff7fffff,#4d4e4dff,#f800faff,#ff7affff,#ff46dcff,#5a0163ff
73,#696969ff,#a84c06ff,#ff44ffff,#d3d3d3ff,#b80c08ff,#ef5beeff,#9c52c6ff,#ff71ffff,#fffd05ff,#ff7fffff,#555655ff,#f800faff,#ff7affff,#ff46dcff,#5a0263ff
74,#6a6a6aff,#a84c06ff,#ff44ffff,#d3d3d3ff,#b80c08ff,#ef5beeff,#9c52c6ff,#ff80ffff,#fffd05ff,#ff7fffff,#5d5e5dff,#f800faff,#ff7affff,#ff46dcff,#5a0263ff
75,#6b6b6bff,#dda8ffff,#ff00ffff,#d3d3d3ff,#b80c08ff,#924cbeff,#fefefeff,#ff99ffff,#fffd05ff,#c0007fff,#656665ff,#9557c6ff,#ffbdffff,#ff46dcff,#590362ff
76,#6c6c6cff,#dda8ffff,#ff00ffff,#d3d3d3ff,#b80c08ff,#924cbeff,#fefefeff,#ff99ffff,#fffd05ff,#c0007fff,#6d6e6dff,#9557c6ff,#ffbdffff,#ff46dcff,#590362ff
77,#6d6d6dff,#dda8ffff,#ff00ffff,#d3d3d3ff,#b80c08ff,#924cbeff,#fefefeff,#ff9affff,#fffd05ff,#c0007fff,#757675ff,#9557c6ff,#ffbdffff,#ff46dcff,#590462ff
78,#6e6e6eff,#dda8ffff,#ff00ffff,#d3d3d3ff,#b80c08ff,#924cbeff,#fefefeff,#ff9cffff,#fffd05ff,#c0007fff,#7d7e7dff,#9557c6ff,#ffbdffff,#ff46dcff,#590462ff
79,#6f6f6fff,#dda8ffff,#ff00ffff,#d3d3d3ff,#b80c08ff,#924cbeff,#fefefeff,#ffa1ffff,#fffd05ff,#c0007fff,#858685ff,#9557c6ff,#ffbdffff,#ff46dcff,#580462ff
80,#707070ff,#ffffffff,#aa00aaff,#d3d3d3ff,#b80c08ff,#502a68ff,#ffffffff,#ffaaffff,#fffd05ff,#620042ff,#8e8e8eff,#9557c6ff,#ffecffff,#ff46dcff,#580562ff
81,#717171ff,#ffffffff,#aa00aaff,#d3d3d3ff,#b80c08ff,#502a68ff,#ffffffff,#ffaaffff,#fffd05ff,#620042ff,#969696ff,#9557c6ff,#ffecffff,#ff46dcff,#580562ff
82,#727272ff,#ffffffff,#aa00aaff,#d3d3d3ff,#b80c08ff,#502a68ff,#ffffffff,#ffaaffff,#fffd05ff,#620042ff,#9e9e9eff,#9557c6ff,#ffecffff,#ff46dcff,#570661ff
83,#737373ff,#ffffffff,#aa00aaff,#d3d3d3ff,#b80c08ff,#502a68ff,#ffffffff,#ffaaffff,#fffd05ff,#620042ff,#a6a6a6ff,#9557c6ff,#ffecffff,#ff46dcff,#570661ff
84,#747474ff,#ffffffff,#aa00aaff,#d3d3d3ff,#b80c08ff,#502a68ff,#ffffffff,#ffaaffff,#fffd05ff,#620042ff,#aeaeaeff,#9557c6ff,#ffecffff,#ff46dcff,#570761ff
85,#757575ff,#ffffffff,#aa00aaff,#d3d3d3ff,#b80c08ff,#502a68ff,#ffffffff,#ffaaffff,#fffd05ff,#400040ff,#b6b6b6ff,#9557c6ff,#ffecffff,#ff46dcff,#560761ff
86,#767676ff,#ffffffff,#aa00aaff,#d3d3d3ff,#b80c08ff,#502a68ff,#ffffffff,#ffaaffff,#fffd05ff,#400040ff,#bebebeff,#9557c6ff,#ffecffff,#ff46dcff,#560861ff
87,#777777ff,#ffffffff,#aa00aaff,#d3d3d3ff,#b80c08ff,#502a68ff,#ffffffff,#ffaaffff,#fffd05ff,#400040ff,#c6c6c6ff,#9557c6ff,#ffecffff,#ff46dcff,#560861ff
88,#787878ff,#ffffffff,#aa00aaff,#d3d3d3ff,#b80c08ff,#502a68ff,#ffffffff,#ffaaffff,#fffd05ff,#400040ff,#cececeff,#9557c6ff,#ffecffff,#ff46dcff,#560861ff
89,#797979ff,#ffffffff,#aa00aaff,#d3d3d3ff,#b80c08ff,#502a68ff,#ffffffff,#ffaaffff,#fffd05ff,#400040ff,#d6d6d6ff,#9557c6ff,#ffecffff,#ff46dcff,#550960ff
90,#7a7a7aff,#ffffffff,#aa00aaff,#d3d3d3ff,#b80c08ff,#502a68ff,#ffffffff,#ffaaffff,#fffd05ff,#400040ff,#dededeff,#9557c6ff,#ffecffff,#ff46dcff,#550960ff
91,#7b7b7bff,#ffffffff,#aa00aaff,#d3d3d3ff,#b80c08ff,#502a68ff,#ffffffff,#ffaaffff,#fffd05ff,#400040ff,#e6e6e6ff,#9557c6ff,#ffecffff,#ff46dcff,#550a60ff
92,#7c7c7cff,#ffffffff,#aa00aaff,#d3d3d3ff,#b80c08ff,#502a68ff,#ffffffff,#ffaaffff,#fffd05ff,#400040ff,#eeeeeeff,#9557c6ff,#ffecffff,#ff46dcff,#540a60ff
93,#7d7d7dff,#ffffffff,#aa00aaff,#d3d3d3ff,#b80c08ff,#502a68ff,#ffffffff,#ffaaffff,#fffd05ff,#400040ff,#f6f6f6ff,#9557c6ff,#ffecffff,#ff46dcff,#540b60ff
94,#7e7e7eff,#ffffffff,#aa00aaff,#d3d3d3ff,#b80c08ff,#502a68ff,#ffffffff,#ffaaffff,#fffd05ff,#400040ff,#fefefeff,#9557c6ff,#ffecffff,#ff46dcff,#540b60ff
95,#7f7f7fff,#ffffffff,#aa00aaff,#d3d3d3ff,#b80c08ff,#502a68ff,#ffffffff,#ffaaffff,#fffd05ff,#400040ff,#ffffffff,#9557c6ff,#ffecffff,#ff46dcff,#540c60ff
-32,#808080ff,#00000000,#00000000,#00000000,#00000000,#00000000,#00000000,#00000000,#00000000,#00000000,#00000000,#00000000,#00000000,#00000000,#00000000
-31,#818181ff,#00000000,#00000000,#00000000,#00000000,#00000000,#00000000,#00000000,#00000000,#00000000,#00000000,#00000000,#00000000,#00000000,#00000000
-30,#828282ff,#00000000,#00000000,#00000000,#00000000,#00000000,#00000000,#00000000,#00000000,#00000000,#00000000,#00000000,#00000000,#00000000,#00000000
-29,#838383ff,#00000000,#00000000,#00000000,#00000000,#00000000,#00000000,#00000000,#00000000,#00000000,#00000000,#00000000,#00000000,#00000000,#00000000
-28,#848484ff,#00000000,#00000000,#00000000,#00000000,#00000000,#00000000,#00000000,#00000000,#00000000,#00000000,#00000000,#00000000,#00000000,#00000000
-27,#858585ff,#00000000,#00000000,#00000000,#00000000,#00000000,#00000000,#00000000,#00000000,#00000000,#00000000,#00000000,#00000000,#00000000,#00000000
-26,#868686ff,#00000000,#00000000,#00000000,#00000000,#00000000,#00000000,#00000000,#00000000,#00000000,#00000000,#00000000,#00000000,#00000000,#00000000
-25,#878787ff,#00000000,#00000000,#00000000,#00000000,#00000000,#00000000,#00000000,#00000000,#00000000,#00000000,#00000000,#00000000,#00000000,#00000000
-24,#888888ff,#00000000,#00000000,#00000000,#00000000,#00000000,#00000000,#00000000,#00000000,#00000000,#00000000,#00000000,#00000000,#00000000,#00000000
-23,#898989ff,#00000000,#00000000,#00000000,#00000000,#00000000,#00000000,#00000000,#00000000,#00000000,#00000000,#00000000,#00000000,#00000000,#00000000
-22,#8a8a8aff,#00000000,#00000000,#00000000,#00000000,#00000000,#00000000,#00000000,#00000000,#00000000,#00000000,#00000000,#00000000,#00000000,#00000000
-21,#8b8b8bff,#00000000,#00000000,#00000000,#00000000,#00000000,#00000000,#00000000,#00000000,#00000000,#00000000,#00000000,#00000000,#00000000,#00000000
-20,#8c8c8cff,#efffffff,#efffffff,#efffffff,#efffffff,#00000000,#00000000,#efffffff,#efffffff,#efffffff,#efffffff,#efffffff,#efffffff,#00000000,#efffffff
-19,#8d8d8dff,#efffffff,#efffffff,#efffffff,#eeffffff,#00000000,#00000000,#eeffffff,#ebffffff,#efffffff,#eeffffff,#eeffffff,#efffffff,#00000000,#efffffff
-18,#8e8e8eff,#efffffff,#efffffff,#efffffff,#edffffff,#00000000,#00000000,#edffffff,#e8ffffff,#efffffff,#edffffff,#edffffff,#efffffff,#00000000,#efffffff
-17,#8f8f8fff,#efffffff,#efffffff,#efffffff,#ebffffff,#00000000,#00000000,#ebffffff,#e5ffffff,#efffffff,#ebffffff,#ebffffff,#efffffff,#00000000,#efffffff
-16,#909090ff,#efffffff,#efffffff,#efffffff,#e6ffffff,#00000000,#00000000,#e6ffffff,#e2ffffff,#efffffff,#e6ffffff,#e6ffffff,#efffffff,#00000000,#efffffff
-15,#919191ff,#dfffffff,#dfffffff,#dfffffff,#dfffffff,#00000000,#00000000,#dfffffff,#dfffffff,#dfffffff,#dfffffff,#dfffffff,#dfffffff,#00000000,#dfffffff
-14,#929292ff,#dfffffff,#dfffffff,#dfffffff,#deffffff,#00000000,#00000000,#deffffff,#dbffffff,#dfffffff,#deffffff,#deffffff,#dfffffff,#00000000,#dfffffff
-13,#939393ff,#dfffffff,#dfffffff,#dfffffff,#ddffffff,#00000000,#00000000,#ddffffff,#d8ffffff,#dfffffff,#ddffffff,#ddffffff,#dfffffff,#00000000,#dfffffff
-12,#949494ff,#dfffffff,#dfffffff,#dfffffff,#dbffffff,#00000000,#00000000,#dbffffff,#d5ffffff,#dfffffff,#dbffffff,#dbffffff,#dfffffff,#00000000,#dfffffff
-11,#959595ff,#dfffffff,#dfffffff,#dfffffff,#d6ffffff,#00000000,#00000000,#d6ffffff,#d2ffffff,#dfffffff,#d6ffffff,#d6ffffff,#dfffffff,#00000000,#dfffffff
-10,#969696ff,#cfffffff,#cfffffff,#cfffffff,#cfffffff,#00000000,#00000000,#cfffffff,#cfffffff,#cfffffff,#cfffffff,#cfffffff,#cfffffff,#00000000,#cfffffff
-9,#979797ff,#cfffffff,#cfffffff,#cfffffff,#ceffffff,#00000000,#00000000,#ceffffff,#cbffffff,#cfffffff,#ceffffff,#ceffffff,#cfffffff,#00000000,#cfffffff
-8,#989898ff,#cfffffff,#cfffffff,#cfffffff,#cdffffff,#00000000,#00000000,#cdffffff,#c8ffffff,#cfffffff,#cdffffff,#cdffffff,#cfffffff,#00000000,#cfffffff
-7,#999999ff,#cfffffff,#cfffffff,#cfffffff,#cbffffff,#00000000,#00000000,#cbffffff,#c5ffffff,#cfffffff,#cbffffff,#cbffffff,#cfffffff,#00000000,#cfffffff
-6,#9a9a9aff,#cfffffff,#cfffffff,#cfffffff,#c6ffffff,#00000000,#00000000,#c6ffffff,#c2ffffff,#cfffffff,#c6ffffff,#c6ffffff,#cfffffff,#00000000,#cfffffff
-5,#9b9b9bff,#bfffffff,#bfffffff,#bfffffff,#bfffffff,#00000000,#00000000,#bfffffff,#bfffffff,#bfffffff,#bfffffff,#bfffffff,#bfffffff,#00000000,#bfffffff
-4,#9c9c9cff,#bfffffff,#bfffffff,#bfffffff,#beffffff,#00000000,#00000000,#beffffff,#bbffffff,#bfffffff,#beffffff,#beffffff,#bfffffff,#00000000,#bfffffff
-3,#9d9d9dff,#bfffffff,#bfffffff,#bfffffff,#bdffffff,#00000000,#00000000,#bdffffff,#b8ffffff,#bfffffff,#bdffffff,#bdffffff,#bfffffff,#00000000,#bfffffff
-2,#9e9e9eff,#bfffffff,#bfffffff,#bfffffff,#bbffffff,#00000000,#00000000,#bbffffff,#b5ffffff,#bfffffff,#bbffffff,#bbffffff,#bfffffff,#00000000,#bfffffff
-1,#9f9f9fff,#bfffffff,#bfffffff,#bfffffff,#b6ffffff,#00000000,#00000000,#b6ffffff,#b2ffffff,#bfffffff,#b6ffffff,#b6ffffff,#bfffffff,#00000000,#bfffffff
0,#a0a0a0ff,#afffffff,#afffffff,#afffffff,#afffffff,#00000000,#00000000,#afffffff,#afffffff,#afffffff,#afffffff,#afffffff,#afffffff,#00000000,#afffffff
1,#a1a1a1ff,#afffffff,#afffffff,#afffffff,#aeffffff,#00000000,#00000000,#aeffffff,#abffffff,#afffffff,#aeffffff,#aeffffff,#afffffff,#00000000,#afffffff
2,#a2a2a2ff,#afffffff,#afffffff,#afffffff,#adffffff,#00000000,#00000000,#adffffff,#a8ffffff,#afffffff,#adffffff,#adffffff,#afffffff,#00000000,#afffffff
3,#a3a3a3ff,#afffffff,#afffffff,#afffffff,#abffffff,#00000000,#00000000,#abffffff,#a5ffffff,#afffffff,#abffffff,#abffffff,#afffffff,#00000000,#afffffff
4,#a4a4a4ff,#afffffff,#afffffff,#afffffff,#a6ffffff,#00000000,#00000000,#a6ffffff,#a2ffffff,#afffffff,#a6ffffff,#a6ffffff,#afffffff,#00000000,#afffffff
5,#a5a5a5ff,#9fffffff,#9fffffff,#9fffffff,#9fffffff,#00000000,#e5fefeff,#9fffffff,#9fffffff,#9fffffff,#9fffffff,#9fffffff,#9fffffff,#00000000,#9fffffff
6,#a6a6a6ff,#9fffffff,#9fffffff,#9fffffff,#9effffff,#00000000,#e5fefeff,#9effffff,#9bffffff,#9fffffff,#9effffff,#9effffff,#9fffffff,#00000000,#9fffffff
7,#a7a7a7ff,#9fffffff,#9fffffff,#9fffffff,#9dffffff,#00000000,#e5fefeff,#9dffffff,#98ffffff,#9fffffff,#9dffffff,#9dffffff,#9fffffff,#00000000,#9fffffff
8,#a8a8a8ff,#9fffffff,#9fffffff,#9fffffff,#9bffffff,#00000000,#e5fefeff,#9bffffff,#95ffffff,#9fffffff,#9bffffff,#9bffffff,#9fffffff,#00000000,#9fffffff
9,#a9a9a9ff,#9fffffff,#9fffffff,#9fffffff,#96ffffff,#00000000,#e5fefeff,#96ffffff,#92ffffff,#9fffffff,#96ffffff,#96ffffff,#9fffffff,#00000000,#9fffffff
10,#aaaaaaff,#8fffffff,#bfffffff,#8fffffff,#8fffffff,#3ffefcff,#a3f3ffff,#8fffffff,#8fffffff,#bfffffff,#8fffffff,#8fffffff,#bfffffff,#96bedc3f,#bfffffff
11,#abababff,#8fffffff,#bfffffff,#8fffffff,#8efeffff,#3ffefcff,#a3f3ffff,#8efeffff,#8bfbffff,#bfffffff,#8efeffff,#8efeffff,#bfffffff,#96bedc49,#bfffffff
12,#acacacff,#8fffffff,#bfffffff,#8fffffff,#8dfdffff,#3ffefcff,#a3f3ffff,#8dfdffff,#88f8ffff,#bfffffff,#8dfdffff,#8dfdffff,#bfffffff,#96bedc52,#bfffffff
13,#adadadff,#8fffffff,#bfffffff,#8fffffff,#8bfbffff,#3ffefcff,#a3f3ffff,#8bfbffff,#85f5ffff,#bfffffff,#8bfbffff,#8bfbffff,#bfffffff,#96bedc5c,#bfffffff
14,#aeaeaeff,#8fffffff,#bfffffff,#8fffffff,#86f6ffff,#3ffefcff,#a3f3ffff,#86f6ffff,#82f2ffff,#bfffffff,#86f6ffff,#86f6ffff,#bfffffff,#96bedc66,#bfffffff
15,#afafafff,#7fefffff,#9fdfffff,#7fefffff,#7fefffff,#1790f9ff,#51cffdff,#7fefffff,#7fefffff,#9fdfffff,#7fefffff,#7fefffff,#9fdfffff,#96bedc6f,#9fdfffff
16,#b0b0b0ff,#7fefffff,#9fdfffff,#7fefffff,#7eeeffff,#1790f9ff,#51cffdff,#7eeeffff,#7bebffff,#9fdfffff,#7eeeffff,#7eeeffff,#9fdfffff,#96bedc79,#9fdfffff
17,#b1b1b1ff,#7fefffff,#9fdfffff,#7fefffff,#7dedffff,#1790f9ff,#51cffdff,#7dedffff,#78e8ffff,#9fdfffff,#7dedffff,#7dedffff,#9fdfffff,#96bedc82,#9fdfffff
18,#b2b2b2ff,#7fefffff,#9fdfffff,#7fefffff,#7bebffff,#1790f9ff,#51cffdff,#7bebffff,#75e5ffff,#9fdfffff,#7bebffff,#7bebffff,#9fdfffff,#96bedc8c,#9fdfffff
19,#b3b3b3ff,#7fefffff,#9fdfffff,#7fefffff,#76e6ffff,#1790f9ff,#51cffdff,#76e6ffff,#72e2ffff,#9fdfffff,#76e6ffff,#76e6ffff,#9fdfffff,#c8e1f595,#9fdfffff
20,#b4b4b4ff,#6fdfffff,#7fbfffff,#6fdfffff,#6fdfffff,#0000f3ff,#0d99fcff,#6fdfffff,#6fdfffff,#7fbfffff,#6fdfffff,#6fdfffff,#7fbfffff,#c8e1f59f,#7fbfffff
21,#b5b5b5ff,#6fdfffff,#7fbfffff,#6fdfffff,#6edeffff,#0000f3ff,#0d99fcff,#6edeffff,#6bdbffff,#7fbfffff,#6edeffff,#6edeffff,#7fbfffff,#c8e1f5a8,#7fbfffff
22,#b6b6b6ff,#6fdfffff,#7fbfffff,#6fdfffff,#6dddffff,#0000f3ff,#0d99fcff,#6dddffff,#68d8ffff,#7fbfffff,#6dddffff,#6dddffff,#7fbfffff,#c8e1f5b2,#7fbfffff
23,#b7b7b7ff,#6fdfffff,#7fbfffff,#6fdfffff,#6bdbffff,#0000f3ff,#0d99fcff,#6bdbffff,#65d5ffff,#7fbfffff,#6bdbffff,#6bdbffff,#7fbfffff,#c8e1f5bc,#7fbfffff
24,#b8b8b8ff,#6fdfffff,#7fbfffff,#6fdfffff,#66d6ffff,#0000f3ff,#0d99fcff,#66d6ffff,#62d2ffff,#7fbfffff,#66d6ffff,#66d6ffff,#7fbfffff,#c8e1f5c5,#7fbfffff
25,#b9b9b9ff,#5fcfffff,#5f9fffff,#5fcfffff,#5fcfffff,#41ff50ff,#0f75fbff,#5fcfffff,#5fcfffff,#5f9fffff,#5fcfffff,#5fcfffff,#5f9fffff,#c8e1f5cf,#5f9fffff
26,#bababaff,#5fcfffff,#5f9fffff,#5fcfffff,#5eceffff,#41ff50ff,#0f75fbff,#5eceffff,#5bc8ffff,#5f9fffff,#5eceffff,#5eceffff,#5f9fffff,#c8e1f5d8,#5f9fffff
27,#bbbbbbff,#5fcfffff,#5f9fffff,#5fcfffff,#5dccffff,#41ff50ff,#0f75fbff,#5dccffff,#58c2ffff,#5f9fffff,#5dccffff,#5dccffff,#5f9fffff,#c8e1f5e2,#5f9fffff
28,#bcbcbcff,#5fcfffff,#5f9fffff,#5fcfffff,#5bc8ffff,#41ff50ff,#0f75fbff,#5bc8ffff,#55bbffff,#5f9fffff,#5bc8ffff,#5bc8ffff,#5f9fffff,#c8e1f5eb,#5f9fffff
29,#bdbdbdff,#5fcfffff,#5f9fffff,#5fcfffff,#56beffff,#41ff50ff,#0f75fbff,#56beffff,#52b5ffff,#5f9fffff,#56beffff,#56beffff,#5f9fffff,#c8e1f5f5,#5f9fffff
30,#bebebeff,#4fafffff,#4f8fffff,#4fafffff,#4fafffff,#32c23dff,#1053fbff,#4fafffff,#4fafffff,#4f8fffff,#4fafffff,#4fafffff,#4f8fffff,#c8e1f5ff,#4f8fffff
31,#bfbfbfff,#4fafffff,#4f8fffff,#4fafffff,#4eaeffff,#32c23dff,#1053fbff,#4eaeffff,#4babffff,#4f8fffff,#4eaeffff,#4eaeffff,#4f8fffff,#c8e1f5ff,#4f8fffff
32,#c0c0c0ff,#4fafffff,#4f8fffff,#4fafffff,#4dadffff,#32c23dff,#1053fbff,#4dadffff,#48a8ffff,#4f8fffff,#4dadffff,#4dadffff,#4f8fffff,#c8e1f5ff,#4f8fffff
33,#c1c1c1ff,#4fafffff,#4f8fffff,#4fafffff,#4babffff,#32c23dff,#1053fbff,#4babffff,#45a5ffff,#4f8fffff,#4babffff,#4babffff,#4f8fffff,#c8e1f5ff,#4f8fffff
34,#c2c2c2ff,#4fafffff,#4f8fffff,#4fafffff,#46a6ffff,#32c23dff,#1053fbff,#46a6ffff,#42a2ffff,#4f8fffff,#46a6ffff,#46a6ffff,#4f8fffff,#c8e1f5ff,#4f8fffff
35,#c3c3c3ff,#3f9fffff,#3f7fffff,#3f9fffff,#3f9fffff,#4b8339ff,#103ffbff,#3f9fffff,#3f9fffff,#3f7fffff,#3f9fffff,#3f9fffff,#3f7fffff,#ebf5ffff,#3f7fffff
36,#c4c4c4ff,#3f9fffff,#3f7fffff,#3f9fffff,#3e9effff,#4b8339ff,#103ffbff,#3e9effff,#3b9bffff,#3f7fffff,#3e9effff,#3e9effff,#3f7fffff,#ebf5ffff,#3f7fffff
37,#c5c5c5ff,#3f9fffff,#3f7fffff,#3f9fffff,#3d9dffff,#4b8339ff,#103ffbff,#3d9dffff,#3898ffff,#3f7fffff,#3d9dffff,#3d9dffff,#3f7fffff,#ebf5ffff,#3f7fffff
38,#c6c6c6ff,#3f9fffff,#3f7fffff,#3f9fffff,#3b9bffff,#4b8339ff,#103ffbff,#3b9bffff,#3595ffff,#3f7fffff,#3b9bffff,#3b9bffff,#3f7fffff,#ebf5ffff,#3f7fffff
39,#c7c7c7ff,#3f9fffff,#3f7fffff,#3f9fffff,#3696ffff,#4b8339ff,#103ffbff,#3696ffff,#3292ffff,#3f7fffff,#3696ffff,#3696ffff,#3f7fffff,#ebf5ffff,#3f7fffff
40,#c8c8c8ff,#2f8fffff,#2f6fffff,#2f8fffff,#2f8fffff,#ffff50ff,#0b32cfff,#2f8fffff,#2f8fffff,#2f6fffff,#2f8fffff,#2f8fffff,#2f6fffff,#ebf5ffff,#2f6fffff
41,#c9c9c9ff,#2f8fffff,#2f6fffff,#2f8fffff,#2e8effff,#ffff50ff,#0b32cfff,#2e8effff,#2b8bffff,#2f6fffff,#2e8effff,#2e8effff,#2f6fffff,#ebf5ffff,#2f6fffff
42,#cacacaff,#2f8fffff,#2f6fffff,#2f8fffff,#2d8dffff,#ffff50ff,#0b32cfff,#2d8dffff,#2888ffff,#2f6fffff,#2d8dffff,#2d8dffff,#2f6fffff,#ebf5ffff,#2f6fffff
43,#cbcbcbff,#2f8fffff,#2f6fffff,#2f8fffff,#2b8bffff,#ffff50ff,#0b32cfff,#2b8bffff,#2585ffff,#2f6fffff,#2b8bffff,#2b8bffff,#2f6fffff,#ebf5ffff,#2f6fffff
44,#ccccccff,#2f8fffff,#2f6fffff,#2f8fffff,#2686ffff,#ffff50ff,#0b32cfff,#2686ffff,#2282ffff,#2f6fffff,#2686ffff,#2686ffff,#2f6fffff,#ebf5ffff,#2f6fffff
45,#cdcdcdff,#1f7fffff,#1f5fffff,#1f7fffff,#1f7fffff,#fdbb3cff,#0b32cfff,#1f7fffff,#1f7fffff,#1f5fffff,#1f7fffff,#1f7fffff,#1f5fffff,#ebf5ffff,#1f5fffff
46,#cececeff,#1f7fffff,#1f5fffff,#1f7fffff,#1e7effff,#fdbb3cff,#0b32cfff,#1e7effff,#1b7bffff,#1f5fffff,#1e7effff,#1e7effff,#1f5fffff,#ebf5ffff,#1f5fffff
47,#cfcfcfff,#1f7fffff,#1f5fffff,#1f7fffff,#1d7dffff,#fdbb3cff,#0b32cfff,#1d7dffff,#1878ffff,#1f5fffff,#1d7dffff,#1d7dffff,#1f5fffff,#ebf5ffff,#1f5fffff
48,#d0d0d0ff,#1f7fffff,#1f5fffff,#1f7fffff,#1b7bffff,#fdbb3cff,#0b32cfff,#1b7bffff,#1575ffff,#1f5fffff,#1b7bffff,#1b7bffff,#1f5fffff,#ebf5ffff,#1f5fffff
49,#d1d1d1ff,#1f7fffff,#1f5fffff,#1f7fffff,#1676ffff,#fdbb3cff,#0b32cfff,#1676ffff,#1272ffff,#1f5fffff,#1676ffff,#1676ffff,#1f5fffff,#ebf5ffff,#1f5fffff
50,#d2d2d2ff,#0f6fffff,#0f4fffff,#0f6fffff,#0f6fffff,#df5e0bff,#0726a4ff,#0f6fffff,#0f6fffff,#0f4fffff,#0f6fffff,#0f6fffff,#0f4fffff,#ffffffff,#0f4fffff
51,#d3d3d3ff,#0f6fffff,#0f4fffff,#0f6fffff,#0e6effff,#df5e0bff,#0726a4ff,#0e6effff,#0c6bffff,#0f4fffff,#0e6effff,#0e6effff,#0f4fffff,#ffffffff,#0f4fffff
52,#d4d4d4ff,#0f6fffff,#0f4fffff,#0f6fffff,#0e6dffff,#df5e0bff,#0726a4ff,#0e6dffff,#0968ffff,#0f4fffff,#0e6dffff,#0e6dffff,#0f4fffff,#ffffffff,#0f4fffff
53,#d5d5d5ff,#0f6fffff,#0f4fffff,#0f6fffff,#0b6bffff,#df5e0bff,#0726a4ff,#0b6bffff,#0565ffff,#0f4fffff,#0b6bffff,#0b6bffff,#0f4fffff,#ffffffff,#0f4fffff
54,#d6d6d6ff,#0f6fffff,#0f4fffff,#0f6fffff,#0766ffff,#df5e0bff,#0726a4ff,#0766ffff,#0262ffff,#0f4fffff,#0766ffff,#0766ffff,#0f4fffff,#ffffffff,#0f4fffff
55,#d7d7d7ff,#005fffff,#003fffff,#005fffff,#005fffff,#fd8788ff,#0726a4ff,#005fffff,#005fffff,#003fffff,#005fffff,#005fffff,#003fffff,#ffffffff,#003fffff
56,#d8d8d8ff,#005fffff,#003fffff,#005fffff,#005effff,#fd8788ff,#0726a4ff,#005effff,#005bffff,#003fffff,#005effff,#005effff,#003fffff,#ffffffff,#003fffff
57,#d9d9d9ff,#005fffff,#003fffff,#005fffff,#005dffff,#fd8788ff,#0726a4ff,#005dffff,#0058ffff,#003fffff,#005dffff,#005dffff,#003fffff,#ffffffff,#003fffff
58,#dadadaff,#005fffff,#003fffff,#005fffff,#005bffff,#fd8788ff,#0726a4ff,#005bffff,#0055ffff,#003fffff,#005bffff,#005bffff,#003fffff,#ffffffff,#003fffff
59,#dbdbdbff,#005fffff,#003fffff,#005fffff,#0056ffff,#fd8788ff,#0726a4ff,#0056ffff,#0052ffff,#003fffff,#0056ffff,#0056ffff,#003fffff,#ffffffff,#003fffff
60,#dcdcdcff,#004fffff,#002fffff,#004fffff,#004fffff,#e90000ff,#031875ff,#004fffff,#004fffff,#002fffff,#004fffff,#004fffff,#002fffff,#ffffffff,#002fffff
61,#ddddddff,#004fffff,#002fffff,#004fffff,#004effff,#e90000ff,#031875ff,#004effff,#004bffff,#002fffff,#004effff,#004effff,#002fffff,#ffffffff,#002fffff
62,#dededeff,#004fffff,#002fffff,#004fffff,#004dffff,#e90000ff,#031875ff,#004dffff,#0048ffff,#002fffff,#004dffff,#004dffff,#002fffff,#ffffffff,#002fffff
63,#dfdfdfff,#004fffff,#002fffff,#004fffff,#004bffff,#e90000ff,#031875ff,#004bffff,#0045ffff,#002fffff,#004bffff,#004bffff,#002fffff,#ffffffff,#002fffff
64,#e0e0e0ff,#004fffff,#002fffff,#004fffff,#0046ffff,#e90000ff,#031875ff,#0046ffff,#0042ffff,#002fffff,#0046ffff,#0046ffff,#002fffff,#ffffffff,#002fffff
65,#e1e1e1ff,#003fffff,#001fffff,#003fffff,#003fffff,#a80000ff,#031875ff,#003fffff,#003fffff,#001fffff,#003fffff,#003fffff,#001fffff,#ffffffff,#001fffff
66,#e2e2e2ff,#003fffff,#001fffff,#003fffff,#003effff,#a80000ff,#031875ff,#003effff,#003bffff,#001fffff,#003effff,#003effff,#001fffff,#ffffffff,#001fffff
67,#e3e3e3ff,#003fffff,#001fffff,#003fffff,#003dffff,#a80000ff,#031875ff,#003dffff,#0038ffff,#001fffff,#003dffff,#003dffff,#001fffff,#ffffffff,#001fffff
68,#e4e4e4ff,#003fffff,#001fffff,#003fffff,#003bffff,#a80000ff,#031875ff,#003bffff,#0035ffff,#001fffff,#003bffff,#003bffff,#001fffff,#ffffffff,#001fffff
69,#e5e5e5ff,#003fffff,#001fffff,#003fffff,#0036ffff,#a80000ff,#031875ff,#0036ffff,#0032ffff,#001fffff,#0036ffff,#0036ffff,#001fffff,#ffffffff,#001fffff
70,#e6e6e6ff,#002fffff,#000fffff,#002fffff,#002fffff,#ef5beeff,#010940ff,#002fffff,#002fffff,#000fffff,#002fffff,#002fffff,#000fffff,#ffffffff,#000fffff
71,#e7e7e7ff,#002fffff,#000fffff,#002fffff,#002effff,#ef5beeff,#010940ff,#002effff,#002bffff,#000fffff,#002effff,#002effff,#000fffff,#ffffffff,#000fffff
72,#e8e8e8ff,#002fffff,#000fffff,#002fffff,#002dffff,#ef5beeff,#010940ff,#002dffff,#0028ffff,#000fffff,#002dffff,#002dffff,#000fffff,#ffffffff,#000fffff
73,#e9e9e9ff,#002fffff,#000fffff,#002fffff,#002bffff,#ef5beeff,#010940ff,#002bffff,#0025ffff,#000fffff,#002bffff,#002bffff,#000fffff,#ffffffff,#000fffff
74,#eaeaeaff,#002fffff,#000fffff,#002fffff,#0026ffff,#ef5beeff,#010940ff,#0026ffff,#0022ffff,#000fffff,#0026ffff,#0026ffff,#000fffff,#ffffffff,#000fffff
75,#ebebebff,#001fffff,#0000ffff,#001fffff,#001fffff,#924cbeff,#010940ff,#001fffff,#001fffff,#0000ffff,#001fffff,#001fffff,#0000ffff,#ffffffff,#0000ffff
76,#ecececff,#001fffff,#0000ffff,#001fffff,#001effff,#924cbeff,#010940ff,#001effff,#001bffff,#0000ffff,#001effff,#001effff,#0000ffff,#ffffffff,#0000ffff
77,#edededff,#001fffff,#0000ffff,#001fffff,#001dffff,#924cbeff,#010940ff,#001dffff,#0018ffff,#0000ffff,#001dffff,#001dffff,#0000ffff,#ffffffff,#0000ffff
78,#eeeeeeff,#001fffff,#0000ffff,#001fffff,#001bffff,#924cbeff,#010940ff,#001bffff,#0015ffff,#0000ffff,#001bffff,#001bffff,#0000ffff,#ffffffff,#0000ffff
79,#efefefff,#001fffff,#0000ffff,#001fffff,#0016ffff,#924cbeff,#010940ff,#0016ffff,#0012ffff,#0000ffff,#0016ffff,#0016ffff,#0000ffff,#ffffffff,#0000ffff
80,#f0f0f0ff,#000fffff,#0000ffff,#000fffff,#000fffff,#502a68ff,#010940ff,#000fffff,#000fffff,#0000ffff,#000fffff,#000fffff,#0000ffff,#ffffffff,#0000ffff
81,#f1f1f1ff,#000fffff,#0000ffff,#000fffff,#000fffff,#502a68ff,#010940ff,#000fffff,#000fffff,#0000ffff,#000fffff,#000fffff,#0000ffff,#ffffffff,#0000ffff
82,#f2f2f2ff,#000fffff,#0000ffff,#000fffff,#000fffff,#502a68ff,#010940ff,#000fffff,#000fffff,#0000ffff,#000fffff,#000fffff,#0000ffff,#ffffffff,#0000ffff
83,#f3f3f3ff,#000fffff,#0000ffff,#000fffff,#000fffff,#502a68ff,#010940ff,#000fffff,#000fffff,#0000ffff,#000fffff,#000fffff,#0000ffff,#ffffffff,#0000ffff
84,#f4f4f4ff,#000fffff,#0000ffff,#000fffff,#000fffff,#502a68ff,#010940ff,#000fffff,#000fffff,#0000ffff,#000fffff,#000fffff,#0000ffff,#ffffffff,#0000ffff
85,#f5f5f5ff,#000fffff,#0000ffff,#000fffff,#000fffff,#502a68ff,#010940ff,#000fffff,#000fffff,#0000ffff,#000fffff,#000fffff,#0000ffff,#ffffffff,#0000ffff
86,#f6f6f6ff,#000fffff,#0000ffff,#000fffff,#000fffff,#502a68ff,#010940ff,#000fffff,#000fffff,#0000ffff,#000fffff,#000fffff,#0000ffff,#ffffffff,#0000ffff
87,#f7f7f7ff,#000fffff,#0000ffff,#000fffff,#000fffff,#502a68ff,#010940ff,#000fffff,#000fffff,#0000ffff,#000fffff,#000fffff,#0000ffff,#ffffffff,#0000ffff
88,#f8f8f8ff,#000fffff,#0000ffff,#000fffff,#000fffff,#502a68ff,#010940ff,#000fffff,#000fffff,#0000ffff,#000fffff,#000fffff,#0000ffff,#ffffffff,#0000ffff
89,#f9f9f9ff,#000fffff,#0000ffff,#000fffff,#000fffff,#502a68ff,#010940ff,#000fffff,#000fffff,#0000ffff,#000fffff,#000fffff,#0000ffff,#ffffffff,#0000ffff
90,#fafafaff,#000fffff,#0000ffff,#000fffff,#000fffff,#502a68ff,#010940ff,#000fffff,#000fffff,#0000ffff,#000fffff,#000fffff,#0000ffff,#ffffffff,#0000ffff
91,#fbfbfbff,#000fffff,#0000ffff,#000fffff,#000fffff,#502a68ff,#010940ff,#000fffff,#000fffff,#0000ffff,#000fffff,#000fffff,#0000ffff,#ffffffff,#0000ffff
92,#fcfcfcff,#000fffff,#0000ffff,#000fffff,#000fffff,#502a68ff,#010940ff,#000fffff,#000fffff,#0000ffff,#000fffff,#000fffff,#0000ffff,#ffffffff,#0000ffff
93,#fdfdfdff,#000fffff,#0000ffff,#000fffff,#000fffff,#502a68ff,#010940ff,#000fffff,#000fffff,#0000ffff,#000fffff,#000fffff,#0000ffff,#ffffffff,#0000ffff
94,#fefefeff,#000fffff,#0000ffff,#000fffff,#000fffff,#502a68ff,#010940ff,#000fffff,#000fffff,#0000ffff,#000fffff,#000fffff,#0000ffff,#ffffffff,#0000ffff
95,#ffffffff,#000fffff,#000fffff,#000fffff,#000fffff,#502a68ff,#010940ff,#000fffff,#000fffff,#000fffff,#000fffff,#000fffff,#000fffff,#ffffffff,#000fffff